atleta_id,fbref_xG_jogo,fbref_xA_jogo
36856,,
36943,,
37245,,
37281,,
37424,,
37457,,
37656,0.0,0.0
37715,0.0,0.0
37788,0.0,0.0
37865,,
38138,0.0,0.0
38141,0.0,0.0
38144,0.0,0.0
38162,0.0,0.0
38225,,
38229,,
38279,,
38394,,
38398,0.0,0.0
38402,0.0,0.0
38509,0.0,0.0
38545,,
38588,,
38750,,
38877,0.0,0.0
38909,0.015384615384615385,0.007692307692307693
38913,0.0,0.0
38959,,
39148,0.0,0.0
39572,,
39656,0.0,0.0
39850,0.0,0.0
40006,,
40990,,
41327,,
41929,,
42116,,
42135,0.0,0.0
42145,,
42222,0.05,0.11153846153846153
42234,0.0,0.0
42411,0.0,0.0
42500,0.011111111111111112,0.044444444444444446
43618,,
45125,0.015384615384615385,0.007692307692307693
49675,0.0,0.0
50297,,
50301,,
50317,,
50347,0.0,0.0
50353,0.0,0.0
50428,,
50456,,
50856,,
50879,,
51042,,
51413,0.0,0.0
51548,0.0,0.0
51772,0.0,0.0
52253,0.0,0.0
52271,0.0,0.0
52827,0.0,0.0
53148,0.0,0.0
53865,,
60793,0.0,0.0
60795,,
60803,0.0,0.0
60825,,
60852,,
60969,,
61033,,
61106,0.0,0.0
61188,0.0,0.0
61228,0.0,0.0
61987,0.010526315789473684,0.06315789473684211
62020,,
62023,,
62104,,
62114,0.0,0.0
62129,,
62130,,
62969,0.0,0.0
62977,0.0,0.0
63007,0.0,0.0
63008,0.0,0.0
63011,,
63013,0.0,0.0
63024,,
63058,,
63110,0.0,0.0
63172,,
63219,,
63289,0.0,0.0
63354,,
68685,0.0,0.0
68690,,
68698,,
68708,0.03076923076923077,0.019230769230769232
68727,0.0,0.0
68770,0.0,0.0
68773,,
68806,0.0,0.0
68808,,
68811,0.0,0.0
68817,,
68827,,
68833,,
68872,0.0,0.0
68895,,
68899,0.0,0.0
68917,,
68920,0.0,0.0
68923,0.0,0.0
68928,0.0,0.0
68940,,
68942,,
68952,0.0,0.0
68954,,
68991,0.0,0.0
68996,0.0,0.0
69010,,
69012,0.4095238095238095,0.10476190476190476
69014,0.0,0.0
69022,,
69029,,
69034,0.0,0.0
69040,0.0,0.0
69041,0.060714285714285714,0.1142857142857143
69051,0.0,0.0
69063,,
69102,0.0,0.0
69138,0.0,0.0
69140,0.0,0.0
69141,,
69165,0.4095238095238095,0.10476190476190476
69189,,
69299,0.0,0.0
69318,0.0,0.0
69325,0.0,0.0
69345,0.015384615384615385,0.007692307692307693
69355,0.0,0.0
69375,,
69686,0.0,0.0
69705,,
69783,0.05263157894736842,0.031578947368421054
70116,,
70164,0.0,0.0
70171,0.0,0.0
70172,0.0,0.0
70216,0.0,0.0
70221,0.0,0.0
70316,,
70323,,
70332,0.0,0.0
70360,0.0,0.0
70449,0.0,0.0
70592,0.0,0.0
70666,0.0,0.0
70696,0.055999999999999994,0.02
70788,0.0,0.0
70800,,
70916,0.0,0.0
70925,0.0,0.0
70944,0.0,0.0
70958,0.0,0.0
70984,0.0,0.0
70986,,
71038,,
71071,,
71123,0.0,0.0
71162,0.0,0.0
71227,0.0,0.0
71505,,
71536,0.0,0.0
71571,0.0,0.0
71602,,
71631,0.0,0.0
71680,0.058823529411764705,0.08235294117647059
71684,0.0,0.0
71691,,
71701,0.0,0.0
71709,0.0,0.0
71719,0.0,0.0
71829,,
71844,,
71898,0.0,0.0
71937,,
72018,0.0,0.0
72079,,
72134,0.0,0.0
72142,,
72290,,
72294,0.0,0.0
72359,,
72362,0.0,0.0
72372,0.0,0.0
72391,,
72460,0.0,0.0
72491,,
72493,0.0,0.0
72497,,
72524,,
72532,,
72580,,
72583,0.0,0.0
72588,,
72595,,
72605,0.0,0.0
72762,,
72772,0.0,0.003448275862068966
72775,,
72801,0.0,0.0
72864,0.0,0.0
72951,0.0,0.0
73318,0.0,0.0
73347,,
73384,0.0,0.0
73421,,
73465,,
73476,0.0,0.0
73479,0.0,0.0
73515,0.0,0.0
73533,,
73620,,
73738,,
73766,,
73781,0.0,0.0
73800,0.0,0.0
73850,,
73858,,
73962,,
73974,0.0,0.0
73991,,
73992,0.015384615384615385,0.007692307692307693
74061,0.0,0.0
74084,,
74157,,
74187,0.0,0.0
75295,,
77485,0.0,0.0
77544,,
77570,,
77656,0.0,0.0
77664,0.0,0.0
77713,,
77738,0.06,0.02
77774,,
77777,0.0,0.0
77809,,
77959,,
78077,,
78117,0.0,0.0
78248,0.0,0.0
78435,0.0,0.0
78445,0.0,0.0
78450,,
78478,0.0,0.0
78479,,
78548,0.013333333333333334,0.04
78580,,
78584,,
78605,0.0,0.0
78715,0.12,0.0
78850,0.0,0.0
78851,0.0,0.0
78855,0.0,0.0
78856,,
78865,,
78867,,
79035,,
79066,0.0,0.0
79113,,
79188,0.0,0.0
79266,0.0,0.0
79268,,
79334,,
79437,,
79631,0.0,0.0
79701,0.028125,0.040625
79702,0.0,0.0
79825,,
79973,0.0,0.0
80061,0.0,0.0
80076,,
80079,,
80129,0.0,0.0
80193,0.0,0.0
80196,0.0,0.0
80225,,
80287,0.0,0.0
80313,0.0,0.0
80337,,
80370,,
80538,0.0,0.0
80570,0.0,0.0
80583,0.0,0.0
80664,0.0,0.0
80692,0.0,0.0
80853,,
81031,,
81091,0.0,0.0
81121,0.0,0.0
81150,0.0,0.0
81161,,
81401,0.0,0.0
81551,,
81677,,
81682,,
81776,,
81798,0.0,0.0
81845,0.0,0.0
81881,0.0,0.0
81905,,
81952,0.047058823529411764,0.0058823529411764705
81965,,
81966,,
82334,,
82381,,
82407,0.0,0.0
82453,,
82455,0.0,0.0
82463,0.0,0.0
82540,0.0,0.0
82627,0.10294117647058823,0.12058823529411763
82628,0.0,0.0
82634,,
82639,0.0,0.0
82640,,
82647,,
82730,,
82747,,
82764,,
82766,,
82775,0.0,0.0
82792,,
82943,,
83004,0.0,0.0
83048,0.0,0.0
83251,0.0,0.0
83257,0.18928571428571428,0.03928571428571429
83266,,
83276,,
83433,0.0,0.0
83438,,
83528,0.08484848484848484,0.01818181818181818
83772,,
83786,0.022222222222222223,0.0
83817,,
84042,0.0,0.0
84094,0.0,0.0
84263,0.0,0.0
84266,,
84338,0.0,0.0
84339,,
84382,,
84428,0.0,0.0
84523,0.0,0.0
84558,0.015625,0.05
84587,,
84674,0.0,0.0
84735,0.16470588235294117,0.03529411764705882
84816,0.015789473684210527,0.03684210526315789
84817,,
84847,0.0,0.0
84918,,
84993,,
85004,0.0,0.0
85034,0.0,0.0
85048,0.0,0.0
85083,0.0,0.0
85166,,
85277,,
85315,0.0,0.0
85403,0.0,0.0
85423,,
85425,0.0,0.0
85465,0.0,0.0
85626,0.0,0.0
85856,0.05263157894736842,0.021052631578947368
85930,0.0,0.0
85931,0.0,0.0
85993,,
86029,0.0,0.0
86143,,
86227,,
86264,,
86292,0.03333333333333333,0.02
86388,,
86391,,
86410,0.0,0.0
86444,,
86485,0.0,0.0
86508,0.0,0.0
86536,0.0,0.0
86629,,
86675,0.0,0.0
86684,,
86686,0.0,0.0
86711,0.0,0.0
86713,,
86757,0.04,0.08666666666666667
86759,0.0,0.0
86764,,
86766,0.0,0.0
86777,0.0,0.0
86799,,
86820,0.0,0.0
86841,,
86859,0.0,0.0
86863,0.0,0.0
86864,,
86970,,
87008,0.0,0.0
87009,0.0,0.0
87098,,
87192,0.13333333333333333,0.011111111111111112
87211,,
87225,0.0,0.0
87228,0.0,0.0
87238,,
87242,,
87258,0.0,0.0
87262,,
87342,0.0,0.0
87391,,
87402,0.0,0.0
87470,0.0,0.0
87552,,
87603,,
87660,0.0,0.0
87691,,
87742,0.0,0.0
87747,0.0,0.0
87808,,
87838,0.0,0.0
87853,0.0,0.0
87863,0.3,0.228125
87887,0.0,0.0
87929,0.0,0.0
87999,0.0,0.0
88033,,
88037,,
88065,0.0,0.0
88087,0.0,0.0
88136,0.0,0.0
88225,,
88237,,
88312,0.0,0.0
88323,0.0,0.0
88368,0.0,0.0
88393,0.07777777777777778,0.03888888888888889
88406,,
88423,0.0,0.0
88427,0.0,0.0
88479,0.0,0.0
88540,0.0,0.0
88544,0.0,0.0
88597,0.0,0.0
88744,,
88857,,
88881,,
88916,,
88963,,
89048,0.0,0.0
89141,,
89150,0.0,0.0
89224,,
89226,,
89256,0.07777777777777778,0.17777777777777778
89273,0.0,0.0
89274,0.0,0.0
89275,0.024999999999999998,0.16785714285714287
89284,,
89285,,
89368,0.0,0.0
89435,,
89467,0.0,0.0
89493,0.0,0.0
89637,0.0,0.0
89646,,
89668,,
89695,,
89696,,
89837,0.0,0.0
89840,0.0,0.0
89846,0.0,0.0
89883,0.0,0.0
89898,,
89900,,
89918,,
90012,,
90031,0.0,0.0
90061,0.0,0.0
90120,,
90232,,
90285,0.22258064516129034,0.03870967741935484
90290,0.0,0.0
90302,,
90303,0.0,0.0
90307,0.16666666666666666,0.013333333333333334
90309,0.0,0.0
90370,0.0,0.0
90444,0.0,0.0
90449,0.0,0.0
90532,0.0,0.0
90540,,
90569,,
90588,0.0,0.0
90590,,
90608,0.0,0.0
90634,,
90703,0.1576923076923077,0.07307692307692307
90715,,
90768,0.041935483870967745,0.01935483870967742
90846,,
90917,0.0,0.0
90943,0.092,0.012
90947,0.0,0.0
91101,0.0,0.0
91130,0.0,0.0
91151,0.05,0.11153846153846153
91158,0.0,0.0
91190,0.010526315789473684,0.021052631578947368
91203,0.0,0.0
91242,,
91254,0.0,0.0
91260,,
91274,,
91422,0.0,0.0
91473,0.01875,0.05
91509,0.0,0.0
91521,,
91573,0.0,0.0
91607,0.0,0.0
91627,,
91639,0.0,0.0
91664,0.0,0.0
91688,,
91689,,
91706,0.0,0.0
91708,0.0,0.0
91712,,
91733,0.0,0.0
91772,0.0,0.0
91808,0.0,0.0
91815,0.0,0.0
91856,,
91866,0.0,0.0
91888,,
91908,0.0,0.0
91970,,
91971,,
92075,0.0,0.0
92085,0.0,0.0
92087,0.0,0.0
92146,,
92149,0.0,0.0
92171,0.0,0.0
92180,,
92182,0.0,0.0
92207,0.0,0.0
92237,0.0,0.0
92273,,
92291,,
92440,0.0,0.0
92496,0.0,0.0
92696,0.27037037037037037,0.037037037037037035
92702,,
92708,0.0,0.0
92811,,
92854,0.0,0.0
92855,0.103125,0.14375
92981,0.0,0.0
93014,,
93108,,
93166,,
93236,0.0,0.0
93317,,
93368,,
93372,0.0,0.0
93411,0.175,0.1875
93414,,
93478,0.08148148148148149,0.1037037037037037
93550,,
93637,0.0,0.0
93646,,
93702,,
93716,0.0,0.0
93787,,
93790,0.0,0.0
93791,,
93797,,
93834,0.0,0.0
93879,0.0,0.0
93882,0.0,0.0
93886,0.0,0.0
93988,0.0,0.0
94007,,
94044,0.0,0.0
94067,0.0,0.0
94138,,
94154,0.0,0.0
94156,0.0,0.0
94207,0.0,0.0
94263,,
94444,0.0,0.0
94509,0.0,0.0
94514,0.0,0.0
94583,0.4095238095238095,0.10476190476190476
94786,,
94787,0.0,0.0
94836,,
94845,0.0,0.0
94853,,
94894,0.0,0.0
94916,,
94931,0.0,0.0
94968,0.0,0.0
95058,0.0,0.0
95106,0.0,0.0
95127,0.0,0.0
95131,0.0,0.0
95220,,
95332,,
95352,,
95354,0.0,0.0
95357,0.0,0.0
95464,0.0,0.0
95466,0.0,0.0
95555,,
95556,0.0,0.0
95638,0.0,0.0
95662,0.0,0.0
95738,,
95780,,
95794,0.0,0.0
95799,0.0,0.0
95878,,
95936,0.0,0.0
96089,0.0,0.0
96340,0.0,0.0
96342,0.0,0.0
96353,0.0,0.0
96468,0.0,0.0
96610,0.13125,0.221875
96614,,
96652,0.015384615384615385,0.007692307692307693
96673,,
96678,0.0,0.0
96684,0.0,0.0
96725,0.0,0.0
96754,0.0,0.0
96793,0.024999999999999998,0.0
96831,0.25,0.0
96870,0.04,0.08666666666666667
96966,,
97062,,
97080,,
97095,0.0,0.0
97133,,
97145,0.0,0.0
97173,0.0,0.0
97245,,
97317,,
97321,0.0,0.0
97339,0.0,0.0
97341,0.0,0.0
97448,,
97450,0.04,0.11000000000000001
97453,,
97460,0.0,0.0
97466,,
97468,0.0,0.0
97520,0.0,0.0
97522,0.047058823529411764,0.0058823529411764705
97537,0.0,0.0
97547,0.0,0.0
97640,0.13333333333333333,0.011111111111111112
97642,0.0,0.0
97645,0.0,0.0
97653,0.0,0.0
97768,0.014285714285714287,0.08928571428571429
97810,0.060714285714285714,0.1142857142857143
97856,,
97867,0.05384615384615384,0.05384615384615384
97868,0.0,0.0
97898,0.0,0.0
97899,0.0,0.0
97900,0.0,0.0
97907,,
97908,,
97969,,
98005,,
98022,0.0,0.0
98057,,
98219,0.0,0.0
98225,0.0,0.0
98251,,
98280,0.0,0.0
98289,,
98306,,
98384,0.0,0.0
98433,,
98484,0.0,0.0
98515,,
98517,0.0,0.0
98605,,
98619,0.0,0.0
98672,0.0,0.0
98706,0.0,0.0
98720,0.0,0.0
98723,0.0,0.0
98832,,
98873,0.185,0.13
98909,0.0,0.0
98952,0.0,0.0
98974,0.4095238095238095,0.10476190476190476
98975,0.0,0.0
98976,0.0,0.0
99032,0.0,0.0
99119,0.095,0.034999999999999996
99198,0.0,0.0
99213,,
99214,,
99221,0.0,0.0
99228,0.03888888888888889,0.061111111111111116
99234,,
99248,0.0,0.0
99253,0.0,0.0
99267,0.0,0.0
99274,0.0,0.0
99316,0.0,0.0
99366,,
99387,,
99392,0.09999999999999999,0.15
99412,,
99430,,
99440,0.055999999999999994,0.02
99552,0.015384615384615385,0.007692307692307693
99588,,
99623,,
99766,0.0,0.0
99815,0.0,0.0
99818,0.0,0.0
99889,0.0,0.0
99994,,
100002,,
100034,,
100074,,
100076,0.0,0.0
100079,0.0,0.0
100084,0.0,0.0
100085,0.0,0.0
100103,,
100289,0.0,0.0
100333,,
100453,,
100641,,
100652,0.0,0.0
100695,0.0,0.0
100742,0.014285714285714287,0.028571428571428574
100761,0.0,0.0
100762,,
100763,,
100830,0.0,0.0
100842,0.0,0.0
100846,0.0,0.0
100848,0.0,0.0
100898,0.0,0.0
100943,,
100969,0.014285714285714287,0.08928571428571429
100976,,
100987,0.0,0.0
101002,0.0,0.0
101027,0.0,0.0
101036,,
101054,,
101077,,
101106,0.0,0.0
101130,,
101155,,
101201,,
101254,,
101290,0.0,0.0
101314,0.0,0.0
101319,0.0,0.0
101405,0.103125,0.14375
101431,,
101478,0.0,0.0
101484,,
101573,0.13333333333333333,0.011111111111111112
101574,0.0,0.0
101579,,
101594,0.0,0.0
101596,,
101597,0.013333333333333334,0.04
101600,0.0,0.0
101601,,
101651,0.0,0.0
101666,,
101684,,
101708,0.0,0.0
101715,,
101716,0.0,0.0
101717,0.0,0.0
101720,0.0,0.0
101725,,
101726,,
101727,0.0,0.0
101728,,
101733,0.0,0.0
101752,0.03333333333333333,0.08
101768,0.0,0.0
101798,0.0,0.0
101820,0.0,0.0
101908,0.0,0.0
101960,0.0,0.0
101995,0.0,0.0
101997,0.0,0.0
102067,0.0,0.0
102096,,
102130,0.0,0.0
102253,0.07741935483870968,0.035483870967741936
102256,0.0,0.0
102290,,
102292,,
102299,,
102302,,
102310,,
102318,0.0,0.0
102340,0.0,0.0
102464,0.0,0.0
102561,0.0,0.0
102598,0.0,0.0
102599,,
102796,,
102878,0.0,0.0
102906,0.08148148148148149,0.1037037037037037
102909,,
102911,,
102928,0.0,0.0
102950,0.0,0.0
102975,0.0,0.0
103014,0.0,0.0
103056,0.0,0.0
103076,,
103088,,
103179,0.0,0.0
103195,,
103261,,
103295,0.0,0.0
103347,0.0,0.0
103388,0.0,0.0
103445,0.540625,0.10625
103448,,
103523,0.0,0.0
103575,0.0,0.0
103576,0.0,0.0
103582,,
103645,,
103672,0.0,0.0
103684,,
103695,,
103700,,
103764,0.0,0.0
103767,0.0,0.0
103777,,
103912,,
103987,,
103996,,
104017,0.0,0.0
104027,,
104075,0.0,0.0
104084,0.0,0.0
104085,0.0,0.0
104118,0.0,0.003448275862068966
104125,0.0,0.0
104134,0.013333333333333334,0.04
104153,0.0,0.0
104191,0.0,0.0
104204,0.0,0.0
104219,,
104250,0.0,0.0
104253,0.0,0.0
104257,0.0,0.0
104271,0.0,0.0
104276,0.0,0.0
104330,0.13333333333333333,0.011111111111111112
104360,,
104383,,
104385,,
104401,0.0,0.0
104414,0.0,0.0
104502,0.17500000000000002,0.1392857142857143
104513,,
104519,0.0,0.0
104521,0.0,0.0
104528,0.0,0.0
104530,,
104578,0.0,0.0
104580,0.0,0.0
104588,0.0,0.0
104593,0.0,0.0
104625,0.0,0.0
104640,0.0,0.0
104646,,
104649,0.0,0.0
104660,,
104666,0.0,0.0
104693,0.0,0.0
104715,,
104754,,
104758,0.0,0.0
104759,,
104778,,
104783,0.0,0.0
104811,,
104849,0.0,0.0
104926,0.0,0.0
104994,0.0,0.0
105003,,
105047,0.0,0.03333333333333333
105049,,
105068,0.0,0.0
105114,0.0,0.0
105171,0.0,0.0
105175,0.0,0.0
105208,,
105213,0.0,0.0
105214,0.0,0.0
105258,0.0,0.0
105300,0.0,0.0
105301,,
105336,0.0,0.0
105337,0.0,0.0
105373,0.0,0.0
105433,,
105436,0.14,0.1
105531,0.0,0.0
105547,,
105563,0.0,0.0
105568,0.0,0.0
105584,0.0,0.0
105585,0.0,0.0
105608,,
105612,0.0,0.0
105631,,
105647,0.0,0.0
105672,,
105770,,
105786,0.0,0.0
105807,0.0,0.0
105811,0.0,0.0
105842,0.010526315789473684,0.021052631578947368
105844,,
105845,0.0,0.0
105900,0.0,0.0
105901,,
105902,0.0,0.0
105903,0.0,0.0
105909,,
105911,0.0,0.0
105934,0.0,0.0
105949,0.0,0.0
105990,0.0,0.0
106000,0.0,0.0
106002,0.0,0.0
106082,0.0,0.0
106083,0.0,0.0
106107,,
106108,0.0,0.0
106147,,
106160,0.0,0.0
106199,,
106201,,
106202,0.0,0.0
106294,0.0,0.0
106299,0.0,0.0
106323,0.0,0.0
106327,,
106371,,
106434,0.0,0.0
106593,0.060000000000000005,0.01
106681,0.0,0.0
106704,0.0,0.0
106708,,
106803,,
106819,0.0,0.0
106821,,
106822,0.0,0.0
106823,,
106824,0.0,0.0
106829,0.0,0.0
106830,,
106831,0.0,0.0
106835,,
106918,0.0,0.0
106931,0.0,0.0
106950,,
107039,,
107044,,
107052,0.12,0.0
107093,0.0,0.0
107107,,
107109,0.0,0.0
107110,0.0,0.0
107111,0.0,0.0
107170,0.0,0.0
107172,0.0,0.0
107173,0.0,0.0
107174,0.0,0.0
107179,0.0,0.0
107183,0.0,0.0
107186,,
107197,,
107203,,
107221,0.0,0.0
107225,,
107226,,
107231,0.0,0.0
107236,0.0,0.0
107238,0.0,0.0
107251,,
107256,0.0,0.0
107259,,
107261,,
107344,,
107375,,
107416,0.0,0.0
107498,0.0,0.0
107513,0.0,0.0
107516,0.0,0.0
107554,0.0,0.0
107555,,
107645,,
107666,,
107676,0.0,0.0
107726,0.0,0.0
107744,0.0,0.0
107745,,
107748,0.0,0.0
107771,,
107795,0.0,0.0
107796,0.0,0.0
107798,0.0,0.0
107800,,
107801,0.0,0.0
107803,,
107807,,
107809,,
107812,0.0,0.0
107870,,
107873,0.0,0.0
107908,0.0,0.0
107945,,
107950,0.0,0.0
107972,0.0,0.0
107989,0.0,0.0
108131,,
108133,0.0,0.0
108148,,
108163,,
108176,0.0,0.0
108201,,
108211,,
108274,,
108279,0.0,0.0
108352,,
108358,0.0,0.0
108422,0.0,0.0
108469,0.0,0.0
108474,0.0,0.0
108509,0.0,0.0
108528,0.0,0.0
108548,0.0,0.0
108588,0.0,0.0
108624,,
108659,,
108670,0.015384615384615385,0.007692307692307693
108671,0.0,0.0
108683,0.0,0.0
108712,,
108713,0.0,0.0
108714,0.0,0.0
108715,,
108741,,
108752,0.0,0.0
108946,0.0,0.0
109096,0.4095238095238095,0.10476190476190476
109114,,
109138,0.0,0.0
109199,0.0,0.0
109240,,
109246,,
109282,,
109389,0.0,0.0
109401,0.0,0.0
109404,,
109412,,
109426,0.0,0.0
109461,0.0,0.0
109463,0.0,0.0
109497,,
109563,0.0,0.0
109573,0.0,0.0
109591,,
109639,,
109667,0.0,0.0
109668,0.0,0.0
109899,0.0,0.0
109963,0.0,0.0
109966,0.0,0.0
109967,,
110013,,
110021,,
110055,0.0,0.0
110193,0.0,0.0
110270,,
110303,,
110311,0.0,0.0
110415,0.0,0.0
110426,0.0,0.0
110506,,
110510,0.0,0.0
110512,,
110517,0.0,0.0
110542,0.0,0.0
110605,0.0,0.0
110607,0.0,0.0
110623,,
110632,0.0,0.0
110667,0.0,0.0
110668,,
110698,,
110703,,
110708,,
110715,,
110727,0.0,0.0
110750,0.0,0.0
110759,0.0,0.0
110760,0.0,0.0
110776,,
110818,,
110909,0.0,0.0
110928,,
110962,0.0,0.0
110995,,
111005,0.0,0.0
111017,,
111156,0.0,0.0
111166,0.0,0.0
111204,,
111246,0.0,0.0
111309,0.0,0.0
111332,0.0,0.0
111333,0.0,0.0
111392,0.08148148148148149,0.1037037037037037
111402,,
111407,0.0,0.0
111408,0.0,0.0
111412,,
111428,,
111466,0.0,0.0
111491,,
111547,,
111577,,
111578,0.0,0.0
111594,0.0,0.0
111637,0.0,0.0
111652,,
111682,0.0,0.0
111683,0.0,0.0
111688,,
111690,0.0,0.0
111694,0.4095238095238095,0.10476190476190476
111713,0.0,0.0
111721,0.0,0.0
111757,0.0,0.1
111759,0.0,0.0
111760,0.0,0.0
111763,0.0,0.0
111766,0.0,0.0
111769,0.0,0.0
111771,,
111813,,
111819,,
111829,0.0,0.0
111831,0.0,0.0
111832,0.0,0.0
111834,,
111839,,
111841,0.0,0.0
111879,,
111888,,
111891,0.0,0.0
111945,,
111949,,
111951,0.11000000000000001,0.034999999999999996
111996,,
112017,,
112060,0.0,0.0
112136,0.0,0.0
112140,0.0,0.0
112327,,
112367,,
112368,,
112370,,
112379,,
112616,,
112709,0.103125,0.14375
112734,,
112831,,
112863,0.0,0.0
112869,0.0,0.0
112886,0.0,0.0
112906,0.0,0.0
112913,0.0,0.0
112984,0.07777777777777778,0.17777777777777778
112985,0.103125,0.14375
113010,,
113034,0.0,0.0
113061,,
113073,0.0,0.0
113078,0.0,0.0
113103,,
113157,0.0,0.0
113158,0.029411764705882353,0.03529411764705882
113203,,
113228,,
113295,,
113311,,
113350,,
113359,0.0,0.0
113384,,
113397,0.0,0.0
113434,,
113558,0.0,0.0
113663,0.0,0.0
113687,0.0,0.0
113690,0.0,0.0
113857,,
114138,0.0,0.0
114174,,
114311,0.0,0.0
114334,0.0,0.0
114374,,
114400,0.0,0.0
114405,0.05555555555555555,0.011111111111111112
114497,,
114790,0.0,0.0
114802,0.0,0.0
115025,0.0,0.0
115061,,
115100,0.0,0.0
115141,0.0,0.0
115239,0.02727272727272727,0.09090909090909091
115246,0.0,0.0
115248,0.0,0.0
115268,0.0,0.0
115270,0.0,0.0
115273,,
115404,0.0,0.0
115502,,
115511,0.0,0.0
115537,0.0,0.0
115562,,
115563,0.0,0.0
115586,0.0,0.0
115594,0.0,0.0
115671,0.0,0.0
115674,0.0,0.0
115678,,
115733,0.0,0.0
115791,,
115806,,
115914,0.01764705882352941,0.0058823529411764705
115915,0.0,0.0
115958,,
115959,,
115986,,
115997,,
115998,,
116012,0.0,0.0
116013,,
116021,,
116025,0.07777777777777778,0.17777777777777778
116034,0.0,0.0
116056,0.0,0.0
116065,0.0,0.0
116137,,
116282,,
116432,,
116447,0.0,0.0
116450,0.0,0.0
116461,0.03333333333333333,0.08333333333333333
116522,,
116589,0.0,0.0
116655,,
116672,,
116706,0.0,0.0
116834,,
116994,,
117061,0.0,0.0
117199,0.0,0.0
117314,0.0,0.0
117330,0.0,0.0
117336,0.0,0.0
117350,0.103125,0.14375
117403,0.0,0.0
117459,0.0,0.0
117579,0.0,0.0
117622,,
117632,0.0,0.0
117711,,
117818,0.0,0.0
117819,0.0,0.0
117842,0.12,0.0
117849,0.0,0.0
117870,0.0,0.0
117909,0.0,0.0
117910,0.0,0.0
117930,0.0,0.0
118175,,
118181,,
118238,0.0,0.0
118304,,
118305,,
118368,,
118387,,
118433,0.0,0.0
118563,,
118676,,
118701,0.0,0.0
118708,0.0,0.0
118745,,
118747,0.0,0.0
118752,,
118758,0.0,0.0
118774,0.0,0.0
118775,0.0,0.0
118802,,
118843,,
118844,,
120397,,
120443,0.0,0.0
120444,0.0,0.0
120445,0.0,0.0
120566,0.0,0.0
120612,,
120684,,
120856,,
120895,,
121184,0.0,0.0
121237,0.0,0.0
121268,0.0,0.0
121327,,
121331,,
121397,0.0,0.0
121398,0.0,0.0
121399,,
121400,,
121593,,
121668,0.0,0.0
121752,,
121762,,
121792,0.0,0.0
121796,,
121821,0.0,0.0
121823,0.0,0.0
121824,0.0,0.0
121827,0.0,0.0
121830,0.06363636363636363,0.02727272727272727
121866,0.0,0.0
121985,,
122127,0.0,0.0
122166,0.0,0.0
122293,,
122300,0.0,0.0
122302,0.0,0.0
122321,0.0,0.0
122378,0.0,0.0
122393,,
122394,0.0,0.0
122396,0.0,0.0
122406,0.0,0.0
122413,,
122420,0.0,0.0
122439,0.0,0.0
122485,0.0,0.0
122486,0.0,0.0
122487,0.0,0.0
122525,,
122539,0.0,0.0
122573,0.075,0.1375
122602,0.0,0.0
122660,0.0,0.0
122668,,
122755,0.0,0.0
122781,0.0,0.0
122797,,
122861,0.0,0.0
122887,,
122897,0.0,0.0
122990,0.0,0.0
122991,,
123004,0.0,0.0
123022,0.0,0.0
123153,0.0,0.0
123359,0.0,0.0
123360,0.0,0.0
123648,,
123649,0.08148148148148149,0.1037037037037037
123713,,
123717,0.0,0.0
123738,0.0,0.0
123744,0.0,0.0
123788,0.0,0.0
123795,0.0,0.0
123873,0.0,0.0
123907,0.0,0.0
123960,0.022222222222222223,0.0
123961,0.0,0.0
124158,0.0,0.0
124239,0.0,0.0
124247,0.0,0.0
124251,0.0,0.0
124265,,
124271,0.0,0.0
124275,0.0,0.0
124280,0.0,0.0
124313,0.0,0.0
124340,,
124369,0.0,0.0
124481,0.0,0.0
124487,,
124526,0.0,0.0
124661,0.0,0.0
124674,0.0,0.0
124690,,
124728,,
124757,0.0,0.0
124821,,
124834,,
124912,0.0,0.041666666666666664
125000,,
125050,0.103125,0.14375
125081,,
125467,0.0,0.0
125468,,
125469,0.0,0.0
125470,,
125471,,
125487,0.0,0.0
125488,0.0,0.0
125596,,
125803,,
125926,,
125992,,
126010,,
126116,0.0,0.0
126117,0.0,0.0
126182,0.0,0.0
126216,0.0,0.0
126387,0.0,0.0
126471,0.0,0.0
126900,0.0,0.0
126910,,
126977,0.0,0.0
127242,0.0,0.0
127273,0.0,0.0
127932,,
127970,,
127971,0.0,0.0
128099,,
128327,,
128431,,
128478,0.0,0.0
128518,0.0,0.0
128668,,
128677,,
128915,0.0,0.0
129002,,
129202,,
129227,,
129233,,
129316,,
129317,0.03333333333333333,0.03333333333333333
129663,0.0,0.0
129666,0.0,0.0
129766,,
130020,,
130048,0.0,0.0
130254,0.0,0.0
130255,0.0,0.0
130265,0.0,0.0
130279,0.0,0.0
130284,,
130319,0.013333333333333334,0.04
130382,0.0,0.0
130386,0.0,0.0
130393,0.0,0.0
130398,,
130414,0.0,0.0
130438,0.0,0.0
130507,0.0,0.0
130609,,
130612,0.0,0.0
130650,0.0,0.0
130811,0.0,0.0
130847,,
130884,0.0,0.0
130889,0.0,0.0
130905,,
130951,,
130986,,
131455,0.0,0.0
131512,0.0,0.0
131515,0.0,0.0
131516,0.0,0.0
131518,0.0,0.0
131617,0.0,0.0
131753,0.0,0.0
131825,0.0,0.0
131991,,
132071,0.0,0.0
132264,0.0,0.0
132553,0.0,0.0
132580,0.0,0.0
132682,,
132733,0.0,0.0
132984,,
133528,,
133543,0.0,0.0
133566,,
133669,0.0,0.0
133673,0.0,0.0
133677,,
133679,0.0,0.0
133690,,
134246,0.0,0.0
134678,0.0,0.0
136156,0.0,0.0
136306,0.0,0.0
136955,0.0,0.0
137166,0.0,0.0
137324,,
137542,0.0,0.0
137543,0.12,0.0
137618,0.0,0.0
137848,,
138021,0.0,0.0
139000,,
139076,,
139345,0.0,0.0
139455,,
140364,0.0,0.0
140365,0.0,0.0
140484,0.0,0.0
140485,0.0,0.0
140492,0.0,0.0
140541,0.0,0.0
140542,0.0,0.0
140906,0.0,0.0
141040,0.0,0.0
141139,0.0,0.0
141150,0.0,0.0
141156,0.0,0.0
141160,0.0,0.0
141162,0.0,0.0
141400,0.0,0.0
141401,0.0,0.0
141419,,
141451,0.0,0.0
141452,0.0,0.0
141453,0.0,0.0
141467,0.0,0.0
141493,0.0,0.0
141525,0.0,0.0
141526,0.0,0.0
141607,0.0,0.0
141609,0.0,0.0
141611,0.0,0.0
141614,0.0,0.0
141754,0.0,0.0
141763,0.0,0.0
141806,0.0,0.0
141995,0.0,0.0
141996,0.0,0.0
142004,0.0,0.0
142086,0.0,0.0
142279,0.0,0.0
142484,0.0,0.0
142867,0.0,0.0
142890,0.0,0.0
143194,,
143253,0.0,0.0
143411,,
143488,0.0,0.0
143600,0.0,0.13999999999999999
145099,0.025,0.0
145269,,
145379,,
145400,0.0,0.0
145429,,
145510,0.0,0.05
145647,0.0,0.0
145659,0.0,0.0
145679,,
145744,0.0,0.0
145750,0.0,0.0
146375,0.0,0.0
146410,0.0,0.0
146623,0.0,0.0
146625,0.0,0.0
146807,0.0,0.0
